MJ2 (MJ2) 107 1962;"https://yamaha-motor.com/parts/diagram/9755078/218375390
https://yamaha-motor.com/parts/diagram/9755078/218413554
https://yamaha-motor.com/parts/diagram/9755078/218543793
https://yamaha-motor.com/parts/diagram/9755078/218505474
https://yamaha-motor.com/parts/diagram/9755078/218553429
https://yamaha-motor.com/parts/diagram/9755078/218386443
https://yamaha-motor.com/parts/diagram/9755078/218403365
https://yamaha-motor.com/parts/diagram/9755078/218373950
https://yamaha-motor.com/parts/diagram/9755078/218532244
https://yamaha-motor.com/parts/diagram/9755078/218605169
https://yamaha-motor.com/parts/diagram/9755078/218609453
https://yamaha-motor.com/parts/diagram/9755078/218366828
https://yamaha-motor.com/parts/diagram/9755078/218603266
https://yamaha-motor.com/parts/diagram/9755078/218353614
https://yamaha-motor.com/parts/diagram/9755078/218588291
https://yamaha-motor.com/parts/diagram/9755078/218432929
https://yamaha-motor.com/parts/diagram/9755078/218403131
https://yamaha-motor.com/parts/diagram/9755078/218548838
https://yamaha-motor.com/parts/diagram/9755078/218563499
https://yamaha-motor.com/parts/diagram/9755078/218376267
https://yamaha-motor.com/parts/diagram/9755078/218475248
https://yamaha-motor.com/parts/diagram/9755078/218617565
https://yamaha-motor.com/parts/diagram/9755078/218535430
https://yamaha-motor.com/parts/diagram/9755078/218468829
https://yamaha-motor.com/parts/diagram/9755078/218457749
https://yamaha-motor.com/parts/diagram/9755078/218525529
https://yamaha-motor.com/parts/diagram/9755078/218422189
https://yamaha-motor.com/parts/diagram/9755078/218351940
https://yamaha-motor.com/parts/diagram/9755078/218579199
https://yamaha-motor.com/parts/diagram/9755078/218498054
https://yamaha-motor.com/parts/diagram/9755078/218563429
https://yamaha-motor.com/parts/diagram/9755078/218560629
https://yamaha-motor.com/parts/diagram/9755078/218401322
https://yamaha-motor.com/parts/diagram/9755078/218523015
https://yamaha-motor.com/parts/diagram/9755078/218490485
https://yamaha-motor.com/parts/diagram/9755078/218546815
https://yamaha-motor.com/parts/diagram/9755078/218464707
https://yamaha-motor.com/parts/diagram/9755078/218375492
https://yamaha-motor.com/parts/diagram/9755078/218527358
https://yamaha-motor.com/parts/diagram/9755078/218612993
https://yamaha-motor.com/parts/diagram/9755078/218545391
https://yamaha-motor.com/parts/diagram/9755078/218606299
https://yamaha-motor.com/parts/diagram/9755078/218554062
https://yamaha-motor.com/parts/diagram/9755078/218355378
https://yamaha-motor.com/parts/diagram/9755078/218485014
https://yamaha-motor.com/parts/diagram/9755078/218563266
https://yamaha-motor.com/parts/diagram/9755078/218565534
https://yamaha-motor.com/parts/diagram/9755078/218584543
https://yamaha-motor.com/parts/diagram/9755078/218420431
https://yamaha-motor.com/parts/diagram/9755078/218436309
https://yamaha-motor.com/parts/diagram/9755078/218614630
https://yamaha-motor.com/parts/diagram/9755078/218423497
https://yamaha-motor.com/parts/diagram/9755078/218621696
https://yamaha-motor.com/parts/diagram/9755078/218590881
https://yamaha-motor.com/parts/diagram/9755078/218422963
https://yamaha-motor.com/parts/diagram/9755078/218444561
https://yamaha-motor.com/parts/diagram/9755078/218369918
https://yamaha-motor.com/parts/diagram/9755078/218406367
https://yamaha-motor.com/parts/diagram/9755078/218375330
https://yamaha-motor.com/parts/diagram/9755078/218367483
https://yamaha-motor.com/parts/diagram/9755078/218465265
https://yamaha-motor.com/parts/diagram/9755078/218587650
https://yamaha-motor.com/parts/diagram/9755078/218615224
https://yamaha-motor.com/parts/diagram/9755078/218432105
https://yamaha-motor.com/parts/diagram/9755078/218475817
https://yamaha-motor.com/parts/diagram/9755078/218612173
https://yamaha-motor.com/parts/diagram/9755078/218612235
https://yamaha-motor.com/parts/diagram/9755078/218504127
https://yamaha-motor.com/parts/diagram/9755078/218392651
https://yamaha-motor.com/parts/diagram/9755078/218411127
https://yamaha-motor.com/parts/diagram/9755078/218454617
https://yamaha-motor.com/parts/diagram/9755078/218428611
https://yamaha-motor.com/parts/diagram/9755078/218486814
https://yamaha-motor.com/parts/diagram/9755078/218359219
https://yamaha-motor.com/parts/diagram/9755078/218493386
https://yamaha-motor.com/parts/diagram/9755078/218539332
https://yamaha-motor.com/parts/diagram/9755078/218589441
https://yamaha-motor.com/parts/diagram/9755078/218479568"
